barcode_id,barcode,LdBAR31PMM,LdBar04-6148,LdBar02-0690,LdBAR38PMM,LdBAR33PMM,LdBar03-0690,LdBar08-LXE,LdBar21-BA05,LdBAR42PMM,LdBar00-Start,LdBar16-SbIII,LdBar09-LXE,LdBar07-245A,LdBar14-AmB,LdBar12-6174,LdBar20-BA05,LdBAR39PMM,LdBAR34PMM,LdBAR41PMM,LdBAR36PMM,LdBar13-6174,LdBar05-6148,LdBAR43PMM,LdBAR35PMM,LdBar10-899A,LdBAR32PMM,LdBar01-NI,LdBAR40PMM,LdBar11-899A,LdBar06-245A,LdBar15-AmB,LdBAR37PMM
1,TAGCATCAGATAGTGCTGAGTAG,40532,2409,28364,22920,26757,1440,301,178,13522,22391,2734,158,203,22914,5845,811,32504,31701,27236,12536,835,641,7719,14746,915,37786,37902,9792,205,1083,316,16003
2,TAGTATGGCGTAGCGCAATATAG,74403,2141,15407,9489,84482,881,483964,764,28844,23104,100995,529288,442889,30708,8497,1213,58322,40697,37870,4646,1574,1183,51233,35466,1425,54836,42760,1108,848,389916,959,34569
3,TAGGCTTCCATAGATCCTTGTAG,12844,1687,6456,2722,16723,2359,10125,625904,5370,3416,39990,640,7481,1412,10186,201608,34898,6439,6525,2056,1057,703,4247,13743,226201,8068,4167,977,569439,23359,686,12679
4,TAGAGTGGCTTAGGACAATCTAG,445,22,279,54,504,30,7,10,84,1104,34,16,14,8488,99,21,78,857,107,143,18,13,12,351,31,775,346,11,10,14,19145,327
5,TAGTTCGCGTTAGCCTATACTAG,6872,1010,4837,297701,17851,1001,850,718,33326,9570,6032,752,773,237407,1821,971,148534,9599,18292,202790,1117,974,8970,28586,883,6395,7061,522269,750,761,519150,66688
6,TAGGTTCTGGTAGACCTCAATAG,0,0,0,0,0,0,0,0,0,0,0,0,0,0,0,0,0,0,0,0,0,0,0,0,0,0,0,0,0,0,0,0
7,TAGAGAAGAATAGGAGGAGGTAG,0,0,0,0,0,0,0,0,0,0,0,0,0,0,0,0,0,0,0,0,0,0,0,0,0,0,0,0,0,0,0,0
8,TAGGATCGACTAGAGCTAGTTAG,1323,102,376,954,2023,20,13,16,175,1473,187,11,12,503,3912,34,5078,1988,297,647,4013,87,39,2952,54,1980,462,19,17,101,9,6055
9,TAGCGCAATCTAGTATGGCTTAG,89411,4336,50297,29320,108993,3473,1162,811,21427,65821,25274,813,879,55034,539495,2681,23099,105380,43458,24402,603253,1950,9117,94913,3463,133740,64605,1819,830,2726,1019,115584
10,TAGCAACCATTAGTGGTTGCTAG,11269,248,1885,1637,17677,89,65,49,3180,5588,2791,55,53,4108,31411,254,1701,11732,3502,2344,4401,126,246,12937,318,13827,5052,96,61,270,61,11635
11,TAGTCGCTCGTAGCTATCTATAG,8805,611,2977,3083,9889,202,92,58,1388,6727,480,47,55,4317,702,182,1992,11463,4131,2458,292,229,589,10491,296,14635,4626,129,58,386,38,12645
12,TAGCCTACACTAGTTCGTGTTAG,55553,4191,53459,10045,34676,2624,735,1072,28347,43509,10543,506,510,37469,12195,386276,11772,33816,46920,8107,1880,1448,14766,19350,259941,43530,62824,798,933,1962,486,23039
13,TAGGCAAGAGTAGATGGAGATAG,121673,2092,93586,54491,110403,4949,944,640,74937,61806,19074,646,730,63573,25467,2921,20205,97077,115867,38816,2275,1656,29449,82813,3256,99252,109606,2920,602,1906,700,84405
14,TAGAGACAACTAGGAGTGGTTAG,52787,447552,40376,9717,56111,2611,721,567,28095,30002,9116,525,588,21380,8007,1493,99103,38900,40199,9568,1532,508999,31382,40958,1651,45670,50689,980,637,1432,658,39987
15,TAGTGCACTCTAGCATGTCTTAG,5606,231,1731,1270,10356,337,94,30,1040,1801,359,37,53,600,313,6444,268,6168,2533,1335,58,51,67,2082,37398,7021,1417,76,923,3347,24,1694
16,TAGCTCCTACTAGTCTTCGTTAG,7715,641,2140,2571,8316,436,4502,80,523,4123,126,66,1175,1949,416,10733,1679,11036,1630,2379,138,176,198,6462,60113,13822,2780,152,2319,13046,84,7805
17,TAGATGGAATTAGGCAAGGCTAG,1134,47,615,364,1237,37,16,7,1932,1279,49,12,13,74,184,51,89,2108,5269,426,35,34,377,298,110,1669,865,6,7,16,10,305
18,TAGGCGTGGATAGATACAAGTAG,14402,520,31272,85584,14705,1083,625,454,162785,35104,12200,489,548,58607,8626,1732,201761,30702,92956,160098,1450,902,268074,22278,1796,26311,30102,116381,479,984,452,23942
19,TAGCACAGCTTAGTGTGATCTAG,34008,3752,147521,11612,59607,497368,952,582,79348,62044,186499,599,715,24604,17729,3329,5952,56637,140027,11619,2938,1331,63069,21875,2519,34662,66741,989,575,6072,635,18320
20,TAGATAACTGTAGGCGGTCATAG,58396,14464,20795,30387,85049,1165,894,429,30317,69898,47149,471,579,24797,16278,3684,11481,119121,65248,20218,2861,2087,11124,92424,4928,91584,35650,1401,483,4805,402,121864
21,TAGTGGTCGATAGCAACTAGTAG,0,0,0,0,0,0,0,0,0,0,0,0,0,0,0,0,0,0,0,0,0,0,0,0,0,0,0,0,0,0,0,0
22,TAGAGAATAGTAGGAGGCGATAG,0,0,0,0,0,0,0,0,0,0,0,0,0,0,0,0,0,0,0,0,0,0,0,0,0,0,0,0,0,0,0,0
23,TAGCTCAGTATAGTCTGACGTAG,0,0,0,0,0,0,0,0,0,0,0,0,0,0,0,0,0,0,0,0,0,0,0,0,0,0,0,0,0,0,0,0
24,TAGTATCAGTTAGCGCTGACTAG,0,0,0,0,0,0,0,0,0,0,0,0,0,0,0,0,0,0,0,0,0,0,0,0,0,0,0,0,0,0,0,0
25,TAGAGCAACATAGGATGGTGTAG,0,0,0,0,0,0,0,0,0,0,0,0,0,0,0,0,0,0,0,0,0,0,0,0,0,0,0,0,0,0,0,0
26,TAGTGTAGCGTAGCACGATATAG,0,0,0,0,0,0,0,0,0,0,0,0,0,0,0,0,0,0,0,0,0,0,0,0,0,0,0,0,0,0,0,0
27,TAGCAGAACATAGTGAGGTGTAG,0,0,0,0,0,0,0,0,0,0,0,0,0,0,0,0,0,0,0,0,0,0,0,0,0,0,0,0,0,0,0,0
28,TAGACCAAGATAGGTTGGAGTAG,0,0,0,0,0,0,0,0,0,0,0,0,0,0,0,0,0,0,0,0,0,0,0,0,0,0,0,0,0,0,0,0
29,TAGGCAATCGTAGATGGCTATAG,0,0,0,0,0,0,0,0,0,0,0,0,0,0,0,0,0,0,0,0,0,0,0,0,0,0,0,0,0,0,0,0
30,TAGCAACAGCTAGTGGTGATTAG,0,0,0,0,0,0,0,0,0,0,0,0,0,0,0,0,0,0,0,0,0,0,0,0,0,0,0,0,0,0,0,0
31,TCACCACCCTCAACCACCCCTCA,2924765,3173305,3038107,2906171,2791060,3098393,3086766,2924944,3023166,3190296,3145796,2961179,3140314,2906546,2870424,2985328,2811204,2964194,2736028,3028551,2884909,3144587,3121727,3032731,2930818,2834827,3071940,2872002,3025788,3204452,3000839,2940047
32,GCAGAGGAAGAGGAAGGCGAT,3169794,3268929,3188228,3073455,3044207,3227313,3227277,3102431,3210889,3298790,3336303,3150331,3202157,3087547,2998520,3184845,2961213,3193352,3031347,3179330,3049484,3224266,3220560,3127536,3154279,3058724,3253427,3076766,3148960,3307797,3140574,3109355
